{"cameraMode":{"drawMode":0,"name":"Shaded","section":"Shading Mode"},"sceneLighting":false,"audioPlay":false,"sceneViewState":{"m_AlwaysRefresh":false,"showFog":true,"showSkybox":false,"showFlares":true,"showImageEffects":true,"showParticleSystems":true,"showVisualEffectGraphs":true,"m_FxEnabled":true},"in2DMode":false,"pivot":{"x":0.07172166556119919,"y":0.0003100428730249405,"z":-0.01859089732170105},"rotation":{"x":0.20184853672981263,"y":0.5207855105400086,"z":-0.12828156352043153,"w":0.8195191621780396},"size":1.1201910972595215,"orthographic":false}