{"cameraMode":{"drawMode":0,"name":"Shaded","section":"Shading Mode"},"sceneLighting":false,"audioPlay":false,"sceneViewState":{"m_AlwaysRefresh":false,"showFog":true,"showSkybox":false,"showFlares":true,"showImageEffects":true,"showParticleSystems":true,"showVisualEffectGraphs":true,"m_FxEnabled":true},"in2DMode":false,"pivot":{"x":-0.06345805525779724,"y":0.004629544913768768,"z":-0.013668820261955262},"rotation":{"x":0.14749571681022645,"y":0.8205406069755554,"z":-0.24441951513290406,"w":0.49521270394325259},"size":0.29095208644866946,"orthographic":false}