{"cameraMode":{"drawMode":0,"name":"Shaded","section":"Shading Mode"},"sceneLighting":false,"audioPlay":false,"sceneViewState":{"m_AlwaysRefresh":false,"showFog":true,"showSkybox":false,"showFlares":true,"showImageEffects":true,"showParticleSystems":true,"showVisualEffectGraphs":true,"m_FxEnabled":true},"in2DMode":false,"pivot":{"x":-0.04256829619407654,"y":0.026974372565746309,"z":-0.005357727408409119},"rotation":{"x":-0.2947917580604553,"y":-0.41570335626602175,"z":0.14449462294578553,"w":-0.8481953740119934},"size":0.5909520983695984,"orthographic":false}