{"cameraMode":{"drawMode":0,"name":"Shaded","section":"Shading Mode"},"sceneLighting":true,"audioPlay":false,"sceneViewState":{"m_AlwaysRefresh":false,"showFog":true,"showSkybox":true,"showFlares":true,"showImageEffects":true,"showParticleSystems":true,"showVisualEffectGraphs":true,"m_FxEnabled":true},"in2DMode":false,"pivot":{"x":2.8381996154785158,"y":3.8348278999328615,"z":0.5077924728393555},"rotation":{"x":-0.0015908894129097462,"y":0.9937776923179627,"z":-0.014309537597000599,"w":-0.11046615242958069},"size":0.38770824670791628,"orthographic":false}