{"cameraMode":{"drawMode":0,"name":"Shaded","section":"Shading Mode"},"sceneLighting":true,"audioPlay":false,"sceneViewState":{"m_AlwaysRefresh":false,"showFog":true,"showSkybox":true,"showFlares":true,"showImageEffects":true,"showParticleSystems":true,"showVisualEffectGraphs":true,"m_FxEnabled":true},"in2DMode":false,"pivot":{"x":-0.9107561111450195,"y":2.7931365966796877,"z":1.1071985960006714},"rotation":{"x":0.08898063004016876,"y":0.7131767868995667,"z":-0.09207689017057419,"w":0.6891918778419495},"size":2.1877081394195558,"orthographic":false}