{"cameraMode":{"drawMode":0,"name":"Shaded","section":"Shading Mode"},"sceneLighting":false,"audioPlay":false,"sceneViewState":{"m_AlwaysRefresh":false,"showFog":true,"showSkybox":false,"showFlares":true,"showImageEffects":true,"showParticleSystems":true,"showVisualEffectGraphs":true,"m_FxEnabled":true},"in2DMode":false,"pivot":{"x":-0.036827024072408679,"y":-0.2442483752965927,"z":0.3724801540374756},"rotation":{"x":-0.05556163564324379,"y":0.5658349394798279,"z":-0.038243845105171207,"w":-0.8217893838882446},"size":0.7977146506309509,"orthographic":false}